{"cameraMode":{"drawMode":0,"name":"Shaded","section":"Shading Mode"},"sceneLighting":false,"audioPlay":false,"sceneViewState":{"showFog":true,"showMaterialUpdate":true,"showSkybox":false,"showFlares":true,"showImageEffects":true,"showParticleSystems":true},"in2DMode":false,"pivot":{"x":0.6625005602836609,"y":-1.7709726095199586,"z":2.493431329727173},"rotation":{"x":0.011541744694113732,"y":0.8666239976882935,"z":0.0200112983584404,"w":-0.49851977825164797},"size":6.947290897369385,"orthographic":false}