{"cameraMode":{"drawMode":0,"name":"Shaded","section":"Shading Mode"},"sceneLighting":false,"audioPlay":false,"sceneViewState":{"showFog":true,"showMaterialUpdate":true,"showSkybox":false,"showFlares":true,"showImageEffects":true,"showParticleSystems":true},"in2DMode":false,"pivot":{"x":-1.3994865417480469,"y":8.31342887878418,"z":0.7057111263275147},"rotation":{"x":0.3811492621898651,"y":-0.5637221336364746,"z":0.6553233861923218,"w":0.32787376642227175},"size":9.00363826751709,"orthographic":true}