{"cameraMode":{"drawMode":0,"name":"Shaded","section":"Shading Mode"},"sceneLighting":true,"audioPlay":false,"sceneViewState":{"showFog":true,"showMaterialUpdate":true,"showSkybox":true,"showFlares":true,"showImageEffects":true,"showParticleSystems":true},"in2DMode":false,"pivot":{"x":64.67687225341797,"y":35.75157928466797,"z":87.86184692382813},"rotation":{"x":0.10161616653203964,"y":-0.840251088142395,"z":0.21096105873584748,"w":0.489026814699173},"size":136.443359375,"orthographic":false}