{"cameraMode":{"drawMode":0,"name":"Shaded","section":"Shading Mode"},"sceneLighting":false,"audioPlay":false,"sceneViewState":{"showFog":true,"showMaterialUpdate":true,"showSkybox":false,"showFlares":true,"showImageEffects":true,"showParticleSystems":true},"in2DMode":false,"pivot":{"x":-1.2158246040344239,"y":0.21277320384979249,"z":0.8977522850036621},"rotation":{"x":0.05538852512836456,"y":0.7623106241226196,"z":0.06491000950336456,"w":-0.6416175365447998},"size":4.545234203338623,"orthographic":false}