{"cameraMode":{"drawMode":0,"name":"Shaded","section":"Shading Mode"},"sceneLighting":false,"audioPlay":false,"sceneViewState":{"showFog":true,"showMaterialUpdate":true,"showSkybox":false,"showFlares":true,"showImageEffects":true,"showParticleSystems":true},"in2DMode":false,"pivot":{"x":56.64822006225586,"y":12.595702171325684,"z":58.152103424072269},"rotation":{"x":0.07915423065423966,"y":0.9039881229400635,"z":-0.19126160442829133,"w":0.37412548065185549},"size":23.786279678344728,"orthographic":false}