{"cameraMode":{"drawMode":0,"name":"Shaded","section":"Shading Mode"},"sceneLighting":false,"audioPlay":false,"sceneViewState":{"showFog":true,"showMaterialUpdate":true,"showSkybox":false,"showFlares":true,"showImageEffects":true,"showParticleSystems":true},"in2DMode":false,"pivot":{"x":2.6818509101867677,"y":1.517648458480835,"z":6.704779624938965},"rotation":{"x":0.05500219762325287,"y":-0.9234737157821655,"z":0.14467240869998933,"w":0.3510768711566925},"size":98.40519714355469,"orthographic":true}