{"cameraMode":{"drawMode":0,"name":"Shaded","section":"Shading Mode"},"sceneLighting":false,"audioPlay":false,"sceneViewState":{"showFog":true,"showMaterialUpdate":true,"showSkybox":false,"showFlares":true,"showImageEffects":true,"showParticleSystems":true},"in2DMode":false,"pivot":{"x":-0.4498639702796936,"y":1.7904895544052125,"z":2.129667282104492},"rotation":{"x":0.015717558562755586,"y":-0.8216242790222168,"z":-0.5693707466125488,"w":-0.022685568779706956},"size":0.6936764121055603,"orthographic":true}