{"cameraMode":{"drawMode":0,"name":"Shaded","section":"Shading Mode"},"sceneLighting":false,"audioPlay":false,"sceneViewState":{"showFog":true,"showMaterialUpdate":true,"showSkybox":false,"showFlares":true,"showImageEffects":true,"showParticleSystems":true},"in2DMode":false,"pivot":{"x":57.489845275878909,"y":9.096109390258789,"z":45.01219177246094},"rotation":{"x":0.06828463822603226,"y":0.24925702810287476,"z":0.01704433001577854,"w":-0.9659678339958191},"size":133.898681640625,"orthographic":false}