{"cameraMode":{"drawMode":0,"name":"Shaded","section":"Shading Mode"},"sceneLighting":false,"audioPlay":false,"sceneViewState":{"showFog":true,"showMaterialUpdate":true,"showSkybox":false,"showFlares":true,"showImageEffects":true,"showParticleSystems":true},"in2DMode":false,"pivot":{"x":0.06376158446073532,"y":0.12384654581546784,"z":-0.3486206531524658},"rotation":{"x":-0.013125695288181305,"y":0.8449035882949829,"z":0.02080734819173813,"w":0.5344081521034241},"size":11.42170238494873,"orthographic":true}