{"cameraMode":{"drawMode":0,"name":"Shaded","section":"Shading Mode"},"sceneLighting":false,"audioPlay":false,"sceneViewState":{"showFog":true,"showMaterialUpdate":true,"showSkybox":false,"showFlares":true,"showImageEffects":true,"showParticleSystems":true},"in2DMode":false,"pivot":{"x":4.072915077209473,"y":3.660343647003174,"z":2.2962944507598879},"rotation":{"x":0.18017412722110749,"y":0.3538917899131775,"z":-0.06967663764953613,"w":0.9151253700256348},"size":34.980308532714847,"orthographic":true}