{"cameraMode":{"drawMode":0,"name":"Shaded","section":"Shading Mode"},"sceneLighting":false,"audioPlay":false,"sceneViewState":{"showFog":true,"showMaterialUpdate":true,"showSkybox":false,"showFlares":true,"showImageEffects":true,"showParticleSystems":true},"in2DMode":false,"pivot":{"x":-0.43849948048591616,"y":1.8090273141860963,"z":2.0144312381744386},"rotation":{"x":0.16477862000465394,"y":-0.06504660844802857,"z":0.010891209356486798,"w":0.9841231107711792},"size":0.6472893357276917,"orthographic":false}